Model,RMSE,MAE,R2
GNN_Regression,1.041391166636084,0.8238204783947217,0.4865901328917489
