Model,ROC-AUC,Accuracy,F1
GNN_Classification,0.8275868108770855,0.7920353982300885,0.8423574508864399
