,RMSE,MAE,R2
GNN_Reg,1.0413909670306507,0.8238203079450296,0.4865903297042292
