,RandomForest_Cls,SVC_Cls,XGB_Cls
ROC-AUC,0.89251139663175,0.8727986633389305,0.8958087276169836
Accuracy,0.8362739453824926,0.8242980918248184,0.8415928852551815
F1,0.8869931246693659,0.8764729917663239,0.8896942405711282
